R;P;T;RMinus;PMinus;TMinus
61,6950315035783;64,7163908388708;68,228559004796;1;1;5
389928141,61039;389338806,597403;390131943,428571;-77;-77;-77
13813283,0775162;24213756,4063515;14269309,663961;29;27;25
46680749,6136364;49755025,3084416;44999449,5876623;-77;-77;-77
6069501,02191558;8363558,66427176;6609078,95454545;17;23;23
18004656,7646104;19672136,6477273;17496115,7840909;-77;-77;-77
5360434,18440544;6439492,27800325;5649679,40880555;1;11;5
10855328,3782468;11976129,8831169;10612980,0795455;-77;-77;-77
3870862,44678369;4729871,3251319;4126650,67238231;35;33;35
7215775,22564935;8217481,4963474;7042270,89488636;-77;-73;-77
3408770,85195566;4216860,59172078;3591329,77019075;31;31;33
5222138,65706169;6065921,84943182;5097376,10896916;-71;-67;-71
2519205,67633929;3134613,78353287;2597260,97664811;7;11;11
3727856,01408723;4426271,77597403;3647480,16477273;-77;-77;-75
1976647,69328328;2591123,01816153;1991011,70665077;17;19;19
3158986,39143669;3862371,24330357;3098699,47184456;-73;-73;-71
1807935,34517045;2375658,69571834;1864998,4891183;27;33;31
2851213,375;3466613,82670455;2780036,47747565;-77;-75;-77
1491239,65668121;2057065,43247768;1563342,97197139;27;25;21
2270746,59659091;2810478,53081879;2212288,1130276;-75;-75;-75
1403223,04509943;1918760,82478947;1441983,5126319;29;33;29
1962884,96002435;2441205,86066863;1925082,04880276;-77;-75;-73
1223290,38848164;1638916,81153612;1255420,91451907;31;37;31
1679496,26972149;2115289,22586496;1647592,22658787;-73;-71;-75
1034304,99411526;1411640,70620688;1068035,00290749;41;43;39
1387464,94399351;1758939,00290432;1358170,44845779;-75;-75;-71
842809,439985795;1180002,36704165;865851,281579748;33;37;31
1215448,68817218;1554368,83730722;1186300,92231889;-77;-73;-75
695303,352924297;980860,438715154;733383,017842875;35;47;33
1018038,5682706;1312458,01253044;1000832,91723316;-71;-69;-67
593209,306019176;855014,540769899;616325,828743278;45;45;45
852764,888976258;1111407,51046951;822059,671906707;-69;-69;-67
441630,829884634;672476,676301238;449920,098049412;35;39;35
747759,010377562;965637,880707183;722176,741375812;-69;-71;-67
401899,431128861;598054,63961039;410247,095690442;33;35;35
588649,673688616;771755,659953328;557648,748490767;-73;-73;-71
347897,243195769;503127,591094574;340047,86154373;33;35;33
566231,405742695;719971,657040286;535394,412439123;-73;-73;-71
271187,192103795;397471,71884829;282399,23823369;29;35;33
457250,375524744;597706,357276025;432240,143947849;-69;-67;-67
219350,746296672;344375,402521307;217697,181447215;27;31;17
390587,66960798;509729,191907214;360173,589907163;-69;-67;-65
181023,917772169;271803,164840896;194597,01461039;29;33;13
338979,509638799;441250,726942979;307524,984584263;-71;-69;-63
167105,378826984;239534,065680169;184837,177406212;17;37;1
302306,97289722;389303,148551644;281175,458673651;-67;-69;-53
149968,64002099;218841,49744445;155762,974603034;27;43;9
264898,8468188;353935,599959584;249033,387835614;-71;-69;-55
126197,051332944;185991,229462859;149812,198838271;23;35;9
245033,429555125;316046,796050629;226492,283168842;-69;-67;-53
137131,004914519;181967,496607397;149496,280584162;15;41;13
234954,659222491;301728,804839692;225625,018358107;-71;-69;-59
137748,144548689;176457,065531149;152880,672420353;21;41;17
234020,458762429;297884,41025137;212993,58417937;-73;-69;-67
134509,463231074;190741,288605925;141030,872666396;31;41;25
237844,605033774;300088,396362305;220438,984230443;-70;-68;-60
136072,863389668;195391,306675158;148592,11782606;30;42;20
214850,214223761;280368,108727706;192646,265342311;-70;-72;-70
117855,144087942;170617,390862716;122633,127724497;44;40;28
217700,913750899;277154,706006502;192141,361867804;-66;-68;-66
122427,029553865;181826,935887387;118060,736952932;38;42;34
212981,132430227;270740,363730983;192992,767126786;-68;-64;-66
126401,577575684;178550,613962274;124835,084055047;46;52;30
215522,214596397;270237,211168791;198355,017738744;-70;-68;-62
122622,246452733;171092,190085963;117734,736349005;44;48;34
189685,969148335;243479,992553711;174977,609920702;-70;-68;-60
115241,671068693;162845,142252872;113831,312776264;44;46;34
186008,967294793;231287,176369416;174130,763822857;-62;-68;-58
129049,609003569;170185,111981844;123900,840987356;40;44;42
195715,397051359;241517,87213456;183429,070003309;-64;-64;-60
127415,891932437;170804,473787007;127261,158633583;36;38;32
185831,686083342;229648,829731188;172013,735062449;-66;-70;-66
111878,889024433;150364,599542718;106381,516026547;38;42;36
175482,643149928;221872,005621659;160948,741927297;-68;-66;-64
109626,679032978;148431,351655659;104834,583805285;46;52;40
158770,968422338;204121,002345035;146432,949405068;-66;-64;-64
110397,302361338;149731,05259303;102970,793295208;48;48;46
158009,328110544;198184,55501195;144128,980916073;-70;-68;-66
101078,603624674;140728,458132324;93473,8653450521;55;55;51
144221,626296585;181773,705300821;131940,594033731;-66;-62;-58
96270,5339124525;130949,73184534;90437,9706140467;54;52;42
134672,925373799;171056,322371199;123693,001161318;-64;-60;-60
79435,6900865709;114764,528127309;78017,9011428421;48;46;36
125976,846574113;158276,420344172;112433,848232475;-68;-68;-66
77990,9007139464;112214,3560857;79031,8935134475;52;46;36
120879,410380595;151960,376128326;109682,294506176;-62;-62;-60
69234,462573902;102100,817021344;69822,4011444917;48;48;36
112978,676744616;140504,35797614;99110,8002579148;-68;-68;-64
63756,5694382126;94951,8301210146;64131,3973256704;42;40;26
97925,6833644558;125813,378681905;91410,8563420064;-64;-64;-54
66357,4470445788;88440,2353845545;69404,3367754962;38;42;26
92419,6901063661;120328,887127851;86688,3374287373;-64;-62;-50
62242,2291556693;83490,5470036687;69496,2653033282;22;34;18
90684,6039865855;113057,202653215;85390,3431083061;-68;-66;-54
57158,001628154;80211,7420637801;61714,5725064664;26;30;16
83240,2900621569;106327,348260416;79936,1240465319;-58;-60;-42
55892,3942521327;76862,2092895508;58798,9251280089;20;28;12
80365,6373954979;101693,237110035;78371,9251313081;-62;-60;-50
56984,144845911;74432,2629089355;61021,3135821368;26;28;14
78374,29076901;96850,9707262194;75826,4399871826;-56;-64;-46
53600,5411583153;71663,5817071038;57761,8058092272;26;36;16
81311,5637817383;99625,6209287901;76952,7611721142;-62;-62;-50
52634,7415012669;69832,2042638418;53367,5373531032;30;36;18
77277,3966344885;94074,6523883923;71203,9133102314;-54;-60;-50
53414,6271848936;66700,9939608187;53518,89395554;26;32;18
70062,7140691603;85694,9806135023;65098,9974472458;-58;-62;-50
50521,2434457315;64055,5279804951;48722,6715426058;28;38;16
74734,5735040098;92746,5852446685;68285,2055091858;-66;-66;-60
47307,6076940588;62228,5710288383;49504,4787049165;26;34;16
69484,3722097036;82975,895873611;62565,7287185257;-62;-60;-56
45603,3872622928;61468,094091467;47528,1638804255;32;26;14
67707,5632060283;83234,6337535961;62798,1319557396;-62;-60;-54
40596,0802282385;55938,7627546981;42406,2463495925;34;36;22
65601,0987152924;81755,7157081398;61926,5686530036;-58;-58;-52
44905,8925096667;60022,4038696289;46346,0129122347;34;36;28
64016,1171891496;79016,285189242;60041,882010795;-58;-54;-52
41639,1990224477;57668,8552773965;44167,5537571263;34;34;20
59540,7135240709;74466,5696345149;58477,2633040145;-62;-60;-48
43535,7911220241;58562,5632596403;48175,4429692449;32;28;20
56582,4517550082;70515,0293892525;55694,8615574192;-60;-58;-52
37839,0377048802;52279,9602941565;40225,6676454286;32;36;24
53272,2110777159;67411,0333433409;52572,8606798327;-54;-56;-46
38902,2386264286;51092,3501797238;41997,3299125723;34;38;28
55844,64886391;68874,2882397795;55413,7341141374;-55;-53;-49
42644,1131090138;53412,987189306;46596,2839497605;21;23;19
51809,012230442;62709,7775577911;51756,6205335643;-49;-49;-41
38269,490102585;49053,6716709921;41598,8787574246;29;23;19
50990,140369154;60655,206826824;51583,0669463693;-41;-45;-39
40640,909183868;50651,8152574513;42059,5991871455;25;23;17
50538,9128886184;60071,9247177333;50523,549911708;-45;-47;-43
39587,8514830707;49009,7338758495;42320,5422187701;13;15;11
50476,8077643408;59726,4743351348;51076,1738361202;-43;-39;-35
41218,1144781243;50587,807152317;43086,414182062;17;15;13
44463,31128933;53422,9099371923;44051,9030828607;-41;-35;-35
34903,4175063878;43476,3705344004;37106,375221566;13;7;7
44303,675679246;52709,6684879669;44212,2532298467;-37;-43;-31
34291,5367013592;43828,6245919842;35808,9143977753;19;19;11
40794,0405373769;50219,5419319884;40072,0527201613;-33;-33;-35
35121,9629600211;44164,9518139983;36755,1686903026;17;17;7
38794,6618259378;48487,2795560654;38559,9184503425;-35;-33;-31
32068,3503165049;41699,3689617;32895,7226980549;15;17;13
39647,8564703954;46944,0334024691;38991,0696235552;-41;-43;-35
29562,1614639073;38301,9596800086;30423,007966342;21;17;11
40037,0790697908;47485,6976311566;38907,8550519551;-43;-39;-35
27574,2317124458;36060,6946394411;27681,9461402371;29;25;25
34828,4877553443;42569,9851784902;33871,7028758428;-45;-45;-43
24379,7005289156;32283,7603358569;24818,1006609773;21;19;21
35377,058491746;42823,6747637187;33825,0097004094;-53;-53;-53
24825,9867102218;32363,1062295992;25100,5249119589;31;29;19
34417,0592814406;42256,3540582526;33074,4948583368;-55;-55;-55
25042,7532875375;32162,7865776167;25885,6783179714;35;33;29
34005,1675640786;42057,7005314239;33266,3555141083;-57;-57;-51
22852,6808747592;30682,1988316366;24734,9045930627;27;29;23
34717,3026591262;42170,6548537163;34559,9345335242;-59;-61;-57
23860,6692538327;31106,1374578607;25289,2564981539;31;31;27
33541,4797296393;40655,5339154805;33206,2935448215;-59;-59;-57
22474,8375189794;28967,6814853198;23700,0113542113;35;43;31
33812,7002354452;40546,9033395428;33009,9951665173;-61;-61;-59
23490,865916631;30764,7833987719;24461,5563346131;39;35;33
35012,4568732275;42248,4329917594;33955,0062908016;-67;-67;-57
23796,1287808353;31183,9655046855;23807,8112317438;33;41;27
33171,1703022996;41220,4392683473;32062,185896364;-61;-59;-57
23687,1954157581;31363,6591211606;23793,6386409394;31;31;31
34309,4499678938;41759,6965106285;32775,1701760488;-63;-61;-63
21770,6147377328;29145,6755371094;22527,0398263801;39;37;31
32350,201103315;39570,2006300835;30701,26056969;-59;-57;-57
22187,0649915721;29429,2438521712;22680,1648308741;29;25;21
28740,2630527444;36258,934523491;26906,5013709917;-57;-55;-57
21593,7017337329;29075,1766906111;21237,7562708397;21;19;19
27474,9516885836;34910,614117348;26010,5995115515;-53;-51;-47
19356,2433275197;26934,5264073202;19424,77650516;25;21;13
25629,8082367361;32747,7348492766;25030,729837496;-51;-49;-47
19807,8073889327;26223,825754244;20936,070304139;11;7;-1
24021,0777704944;31272,0394663353;23717,0319372726;-43;-43;-39
18540,7361268344;24350,525868455;18841,3304694189;1;11;3
24870,4658880364;31287,332355656;24112,8865682524;-45;-49;-43
18580,4356881756;24806,5336419981;18867,6891136692;9;11;3
22183,7822503913;29029,4646072388;21420,3428899295;-49;-45;-39
18028,091770956;24223,4699259719;17740,9735784661;-5;3;-5
22237,4140883145;28459,197794039;20384,6392073958;-33;-31;-35
19008,9986324833;25449,2880416243;17881,2037286628;1;-3;1
21462,4521149936;27429,0241832994;19680,6496105455;-31;-37;-27
21156,952928517;27527,1070404053;19588,630441744;1;-1;-5
23067,6184265973;29780,4339624692;21018,4537689523;-27;-27;-27
21950,7844767113;28475,5828439373;20486,5831322605;-13;-9;-11
23183,4130593914;29529,3555701269;21100,5221741559;-29;-27;-27
20797,6599637384;26998,1059436537;18675,4932234255;-15;-13;-15
22314,9931019561;29219,4904534327;20627,7320328804;-25;-21;-29
21960,0717171447;28115,2729529812;20454,6944545067;-21;-15;-15
23310,6129062862;29004,1562449834;21159,3979009341;-29;-21;-27
21987,8892521793;28200,6470872017;20757,3440643729;-23;-19;-25
22602,2673348205;28741,2872151414;20804,3501167297;-19;-15;-25
22950,8986109903;29266,6629387059;21263,5047565617;-7;-5;-7
23449,1835210095;29422,054815005;21568,5583629869;-23;-23;-23
22289,3862142694;28904,8062317731;20914,5411920417;-19;-21;-13
22138,810781087;28288,33472295;20405,3605338319;-13;-11;-15
21815,7006984345;27835,6664743815;19844,9486881413;-13;-7;-13
21138,9076387588;27405,7257140695;19908,2741712283;-15;-19;-17
21571,0468357034;27230,0112170912;19915,2987068908;-19;-11;-13
20583,9774962125;26731,8413800801;18845,1249097014;-5;-11;-9
20430,1088382251;25703,8021900752;18594,1424397508;-19;-19;-25
20081,559626122;25889,1367118522;18185,4129729598;-7;-5;-5
19145,3361884764;24691,3543408538;17995,6912482275;-13;-5;-15
17847,7963704148;23735,3436885468;16783,7093196503;-13;-9;-13
18218,6194014876;23575,9769735467;16058,1672302664;-9;-7;-11
17097,4169403494;22824,2041199567;15364,0533976098;-7;-5;-15
17322,1732077403;22325,6224432122;15896,2492732218;-17;-7;-19
16554,5816008685;21731,7033708128;15167,2634812446;7;1;7
16733,6745197871;20824,0377000783;15247,4760084805;-21;-13;-19
15649,2589899351;20609,7269232763;14107,992102427;-9;-13;-13
16442,1377805553;20701,0398622278;14726,3561123365;-19;-13;-19
16368,3230593956;20447,6650386445;14308,5300425699;-5;-9;-3
14575,7673874946;19379,7320067523;13214,6112921205;-13;-7;-23
15682,4108995411;20038,0169376739;14486,7748421447;-5;-7;-11
16589,8291324981;20980,409286081;15220,2481576972;-13;-15;-19
16319,5387432151;20159,3334707495;14843,9611767285;-3;-5;-3
16251,1975735181;19937,3076150973;14997,8223860231;-15;-15;-21
15934,2175025417;19584,1168331773;14134,6716229164;3;5;7
16555,9875998301;20049,2309269317;15181,5450029765;-17;-11;-17
16373,8386096693;20361,8036844959;14709,8544432627;3;-3;7
16077,8948692426;19957,4832422962;14857,258741823;-19;-11;-23
16817,1744614693;21039,8647431674;15143,6693487298;-7;-9;-7
16060,5364396605;19804,9453534688;14966,5603986766;-21;-15;-27
16019,3026702045;20234,0747450737;14775,0513893545;7;3;7
16815,0502835626;20311,4121206623;15936,5675032106;-21;-17;-21
15776,9804470115;19765,1491038179;14233,9915470881;-1;-3;-1
16158,1200732924;19531,4444893615;14682,0373928122;-15;-17;-25
16000,7245947433;19763,7191747378;14490,0700867535;9;-1;9
15148,7731737111;18689,0977482208;13924,1768331658;-23;-13;-23
14154,6039194603;17384,8623161838;13453,2242582138;-3;-3;3
14962,3071144836;18936,8380386144;13885,0390489134;-21;-13;-17
14757,2640531357;18855,8600307099;13765,4132074853;-1;-5;-9
15194,1208644501;18873,300911211;13933,9924576642;-23;-13;-23
13150,757018651;17511,2159775904;12209,3571091743;-1;3;3
15051,2224850125;18418,0734341939;14392,6513523526;-16;-10;-18
14683,4291771783;18723,9306693077;14043,1433887482;0;-4;0
15124,4906715817;17902,7764498393;14275,1469064487;-24;-16;-28
13375,0056516859;17223,4328394996;12645,7767003377;0;-6;10
14587,2473797865;18068,7596435547;14106,5683172521;-21;-15;-21
14392,274955857;17692,0220680774;13447,9871045502;-3;-7;-1
14076,9359624084;17762,0146927095;13755,3331783456;-21;-19;-25
13910,7493191571;17521,4340343207;13109,9564730953;-3;-3;-3
13786,2462082984;17621,9870564367;13590,4740407165;-17;-17;-25
13837,3888604607;17689,0986681656;13001,4099219954;-7;-11;-5
13803,390470263;17658,392489581;13377,6892833978;-17;-19;-27
13520,9670512508;16778,6178990754;12663,2293542137;-11;-3;-5
13743,6262843172;17474,6097111232;13573,2982427033;-21;-19;-25
13318,2014142963;16850,2226884869;12769,9791919547;-9;-17;-5
13950,0601602474;17237,1634817795;13537,7709137823;-13;-13;-21
13818,2428967113;17296,6240264463;13380,7690326529;-9;-13;-1
13515,1724896498;16620,8858900473;13239,8546602491;-9;-7;-17
12410,9234465478;15943,8904222838;11825,4884639256;-3;-3;5
13676,4732086045;16418,7550223214;13519,564995466;-8;-12;-16
13485,1267147341;16403,9627804963;12611,5904815784;-15;-13;-11
14000,4342310809;16802,7934384;13867,6163391998;-15;-9;-15
13818,2227977808;16830,9282115992;13091,8133615964;-9;-11;-3
14124,6775388856;16825,0283344656;14155,0430536685;-13;-7;-15
13827,4180165166;16469,1721758635;13280,9982808431;-7;-15;-3
13968,5185885222;16659,2148481728;13575,5961334671;-11;-15;-19
13503,1820784859;16385,3875551086;13052,6605308643;-7;-1;-1
13904,7266118146;16651,1458883977;13588,0630369325;-11;-13;-17
13625,5206732266;15563,6661914328;13022,7722287385;-11;-11;-7
12748,4551675769;15159,3983084637;12613,4974252452;-17;-15;-19
12488,3778443267;15027,5086579254;11928,9828398331;-9;1;-1
12806,2518230936;15412,4518288875;12762,6795902529;-17;-9;-17
12770,6969425367;15639,3340434199;12173,8271775177;9;1;11
12652,7629655479;15162,4351169752;12381,5101736318;-11;-15;-19
11899,7691433672;14882,8425062981;11451,0438478304;11;9;17
13375,4386910701;15612,4172177522;13387,2108543507;-23;-19;-17
12403,2190790591;14898,7818289494;11763,9376505976;15;13;21
12434,1864208277;15317,8347634578;12216,9394433948;-15;-15;-29
11968,7753618766;14604,7354451055;11365,6393848364;11;13;19
12600,4803969895;15484,0521852797;12173,3228481127;-19;-15;-23
10756,4861364926;13412,7436808418;10110,9628147798;20;10;28
11689,1486400716;14024,0652420942;11359,4454224951;-22;-20;-28
11301,6776775472;13864,7056202608;10602,0090798771;10;6;14
11412,1195760615;13711,4796562195;11283,101394485;-26;-26;-24
11023,0563840305;12978,1634059233;10434,7365359138;16;14;22
11383,2294936741;13246,1647415161;10959,3799446891;-28;-24;-36
11484,3732567403;13740,6680767145;10702,145147836;23;19;21
11954,8723953019;13860,6038276331;11519,7278392279;-31;-25;-37
11022,5103184714;13468,7167299185;10125,8264808939;15;13;19
11667,7218766853;13527,2797726304;11196,1483180487;-29;-25;-31
11148,3564774243;13788,5199276369;10564,5762550012;9;5;19
12142,2644819573;14205,934885509;11649,4342696916;-27;-23;-27
11176,3399211827;13555,850234416;10529,4948678088;21;17;25
11403,6875264182;13739,5115754996;10967,4843258075;-31;-27;-31
11360,227168069;13349,0661325028;10965,8967230498;19;15;25
11597,7368457679;13986,9883224025;11381,5345588453;-30;-30;-36
11390,413112886;13584,4134789669;10773,8388662627;16;12;20
9661,5843891664;11533,6885974768;9356,89993609804;-28;-22;-32
8613,51882153749;10243,7734339237;8030,09965920448;14;16;20
9132,24527174234;10607,2823090553;8845,82924830914;-28;-20;-30
9242,80071585057;10939,6753405555;8717,3709334034;7;11;13
9779,22971191406;11704,991877053;9417,54596446644;-21;-17;-25
9234,44735152633;11259,9110525626;8407,70480290166;8;2;10
9272,18645183857;11166,7260354849;8829,39980726976;-16;-12;-20
8363,73570380491;10352,4752767226;8076,80299960866;7;7;15
8435,21090438843;10082,8416394043;7949,80997589111;-16;-10;-22
7745,00527832031;9625,15199920654;7091,13410217285;6;8;14
8390,58631799576;9643,53868525079;8020,53122184124;-13;-9;-15
7678,76522177838;9210,48910506228;7638,20759030606;11;15;13
7346,50465750176;9225,61616582456;7203,17241502845;-14;-10;-22
7612,95811225043;8628,50597974989;7039,30134514703;5;7;11
7925,84014519586;9325,95588039822;7887,76471828885;-19;-17;-19
7639,05438774957;8704,02684631348;7042,83026869032;17;15;19
6835,93161530928;8101,35836098411;6636,49445481734;-18;-16;-22
6770,04283939708;7691,97823645852;6594,90470400724;16;14;18
7022,81957786028;8053,6997609693;6796,39132175889;-17;-15;-21
6402,12862910781;7551,91061188454;5860,2422813593;11;9;11
6003,55065549806;7071,52848496548;5704,63439091971;-19;-21;-25
6171,87777106706;7075,60990515421;5845,00068416152;5;3;5
6960,87263879111;8023,03690284906;6522,59500960417;-21;-19;-19
6010,67211479364;7202,85764640986;5560,94157729038;9;5;13
5596,68993945454;6599,31865532454;5125,16533998001;-13;-9;-17
5430,5500857331;6774,13096299282;4895,35095711642;5;3;5
5755,82590985853;6442,97677221964;5689,55059051514;-15;-15;-19
4986,69584087993;5706,971472097;4700,69649487872;11;5;11
4487,04318024391;5552,26351272228;4140,52848665104;-7;-9;-15
4933,95756282363;5233,70087254325;4555,91505024045;1;-3;1
4794,71661128554;5803,25431433389;4755,90518827217;-13;-13;-21
4571,82364619055;5166,91930052292;4207,92126123573;13;9;15
4346,47219158354;5151,94608633859;4154,43829875901;-12;-10;-10
4288,04036407471;4784,75902862549;4151,83576202393;2;2;2
4131,5071174915;4528,93200996595;3803,72750903399;-7;-5;-9
3615,78101750424;4577,00829074257;3348,87293283563;2;6;8
3892,16821206583;4546,74681957348;3792,83393488704;-9;-9;-11
4528,45294539134;5258,2900636461;4330,65356530084;4;4;0
3440,35776191288;3992,81747139825;3372,12443288167;-12;-6;-14
3500,05221470424;3780,06251395089;3337,56994004931;11;9;13
3357,81409999302;3753,57953229632;3267,43281010219;-9;-9;-11
3139,72263902937;3715,69929787772;2857,14977470125;1;3;1
3279,94782460531;3620,15662384033;3246,06852455139;-8;-8;-10
2994,82262332623;3484,78670215607;2890,78943091172;-2;0;0
4097,32630681992;4582,74120235443;3699,74942334493;2;0;0
3233,52593267532;3595,42896452404;3204,37855311802;-1;3;-1
3311,55432528541;3756,30217306955;2999,49062401908;-9;-9;-5
2653,20410301572;2694,78046335493;2668,85842677525;-5;-1;-5
2581,04145201515;2827,63427958769;2152,11178140079;-5;-5;-3
3200,73000526428;3493,93684768677;2748,15058517456;-2;0;-4
3490,58283042908;3758,26222801209;3669,64462089539;-10;-10;-8
3595,3869354248;3892,67548014323;3182,39147644043;-1;1;-1
3430,47740760216;3612,48523536095;3316,54058837891;-9;-13;-9
3732,64307530721;3568,00977579753;3668,26686731974;-4;-2;-2
3159,58295718106;3393,26869929921;2855,59174056487;-3;-1;-3
2103,74386319247;2267,28027898615;1968,95347664573;3;3;3
1643,68239339193;1657,6495191786;1545,06235080295;-1;-1;-1
2729,84046936035;2300,15278625488;2947,40914916992;-2;-2;-2
4244,71011352539;4182,60806846619;4059,08545684814;-8;-6;-8
2674,63614327567;2434,69460623605;2907,14787946429;-1;-1;-1
3118,93428548177;3022,81170654297;3067,90969340007;-2;-2;-2
2487,9807434082;2643,85198974609;2276,85169474284;2;2;2
1723,19641367594;1570,90910085042;1949,2573445638;-2;-2;0
2223,74761454264;2170,4912109375;2310,67817815145;-2;-2;-2
2834,34678649902;2703,88596089681;2517,27731172244;-4;-2;-4
3166,12180175781;3167,12482299805;3126,35406494141;-5;-3;-5
4363,24887695312;3982,56083984375;4086,61538085937;-3;-3;-3
3952,21474609375;4118,17941894531;3711,43889160156;-3;-3;-3
4316,566015625;4119,26318359375;3826,20517578125;-5;-5;-5
4368,8775390625;4127,54936523437;4386,85112304687;-5;-5;-5
3379,31519775391;3097,02984161377;2811,10307006836;-5;-3;-5
2503,77351074219;1953,22558288574;2774,15849609375;-3;-5;-3
3520,97197875977;3436,68600311279;3507,78100585938;-1;-3;-1
2972,49350891113;3635,55905761719;2821,80296630859;-1;1;-1
2861,81469726563;3162,78747558594;2198,06083374023;-3;-3;-3
1943,86274414062;2009,12066650391;2266,70267333984;1;1;-1
1418,17519836426;1862,48374023438;1135,81315612793;-1;1;3
1818,60554199219;2120,44202880859;1516,70859985352;-3;-1;-3
2995,87121582031;2754,99560546875;2485,65258789063;-5;-5;-5
3698,11720581055;3414,77365722656;3845,65611343384;-5;-5;-5
3593,84146728516;3521,2302734375;3127,58788757324;-5;-3;-5
2217,37237091064;2485,17768554688;1871,78346328735;-3;-3;-1
1632,31131591797;1618,601171875;1059,30611841679;-5;-1;-3
2794,95492553711;3480,85151367188;2362,03047180176;-1;-1;-3
4551,61058959961;4504,19381103516;4094,53947143555;-3;-3;-3
4073,27294616699;3391,02843322754;4468,95264892578;-1;-5;-1
4459,54064941406;4659,09787597656;4056,51309814453;-1;-1;-1
2002,49169311523;2152,33737487793;1538,01098022461;-1;-1;-1
1738,10509033203;1554,78177185059;1826,25092315674;-1;-3;-3
2934,38594970703;3231,40007324219;2688,49488525391;-3;-3;-5
4129,67307434082;4331,25928955078;3766,81866455078;-5;-3;-5
2551,70258789063;2940,71797485352;2507,41829833984;-3;-3;-5
2288,7537109375;2552,32888793945;1563,54138336182;-3;-3;-1
1337,25329666138;1584,63199157715;1191,02357177734;-3;-3;1
2043,12877960205;2190,09798583984;1770,69786376953;-3;-5;-3
2995,48494873047;3363,91838378906;2409,8004699707;-3;-3;-1
2831,64640808105;3384,05022583008;2374,97211456299;-1;1;1
3090,38364257813;3303,51370849609;3151,71434326172;-3;-1;-3
3477,98759765625;3569,22653808594;3230,56362304687;-3;-3;-3
2687,74154052734;2641,85465507507;3035,31267089844;-1;-1;-1
3491,65619506836;3579,93562011719;3173,15989990234;-1;-1;-1
2060,7486787796;2381,81252822876;2074,59086914062;-1;-1;-3
2419,42740478516;2339,05631713867;2126,21848144531;-5;-5;-5
2788,56190185547;3070,04345703125;2371,00970458984;-3;-3;-5
2699,79744262695;2489,3194732666;2373,67210922241;-3;-5;-3
2006,35927124023;2133,73078613281;1928,57941894531;-5;-3;-5
1805,98552246094;2114,49602661133;1542,75042724609;-3;-3;-3
717,240406799316;442,351776885986;1052,02241821289;-1;1;-1
2041,86385498047;1905,73125;2265,08427734375;3;1;3
2959,28612060547;3019,65638427734;2581,76666259766;1;1;1
1887,81539916992;1850,39407958984;1466,00753974915;1;1;1
2272,41745605469;1891,9759765625;2199,18364868164;-5;-5;-5
3659,57756347656;3644,93442382813;3434,58544921875;-5;-5;-5
2896,79764709473;2913,33649902344;2722,49230957031;-5;-3;-5
2815,021875;3147,89892578125;2465,98142700195;-3;-3;-5
3553,20974121094;3525,56264648437;3047,16156005859;-3;-3;-3
2637,09421386719;2303,35100097656;2343,09608154297;-3;-3;-3
2881,63958435059;2831,75451049805;2656,05415496826;-3;-1;-1
3209,03941650391;2975,26912536621;3270,38051757812;-3;-3;-3
4142,87326049805;4426,0400390625;3634,12512817383;-1;-1;-3
4290,0845703125;4340,94907226562;4115,12005462646;-5;-5;-5
1879,09415893555;2001,43535461426;1521,43654785156;-3;-1;-3
1353,55110473633;1340,28624572754;1313,50257568359;3;1;3
1094,10517578125;1090,63312988281;857,962713050842;3;3;1
2145,41970214844;2325,29790039062;1851,78820800781;-3;-3;-3
3134,90467529297;2948,18919677734;3030,30666503906;-5;-5;-5
2170,35118408203;2107,7612487793;2111,44041137695;-5;-5;-5
1404,27265319824;1272,17487792969;1158,32720274925;-3;-3;-5
1440,11884765625;1280,95319213867;989,286437988281;-1;-1;1
1369,47397460938;1278,30083007813;1409,5895690918;-1;-1;-1
1041,39064941406;826,220432281494;685,78369140625;-3;-1;-3
2302,2653717041;2633,22440490723;2112,20802612305;-1;1;-1
2595,22678222656;2366,79113769531;2271,16602783203;-3;-3;-3
2156,71323852539;2415,74495391846;1744,39903259277;-1;-1;-1
1073,20740127563;925,408679199219;1107,73513793945;-5;-5;-3
2004,41475830078;1782,41970214844;1932,94231567383;-5;-5;-5
3355,34207763672;3620,87561035156;3208,60045166016;-3;-3;-3
2733,07885742188;2466,18283691406;2715,50922851563;-5;-5;-5
2299,4197265625;2157,24892578125;2019,39889526367;-5;-5;-5
1411,75533447266;1835,96162109375;1405,75901489258;1;1;-1
1252,27337036133;1531,23204803467;840,355633544922;1;-1;1
2149,90280761719;1712,55156478882;2449,59750976563;-1;-1;-1
3194,93485107422;3640,61751708984;2871,74214477539;1;1;1
3188,02624511719;2996,3138671875;3387,25639648437;-1;-1;-1
2324,49725341797;2392,88167724609;1847,43970336914;-3;-3;-3
1502,88283081055;1361,96975097656;1815,7626953125;-5;-3;-3
2125,48518066406;2190,86439666748;1685,72686157227;-3;-3;-3
1734,42180213928;2017,52236328125;1784,73428955078;-5;-3;-5
2868,126953125;2835,36529541016;2453,07309570313;-5;-5;-5
3216,62279052734;3247,57535400391;3394,11206054688;-5;-3;-5
2212,47764892578;2224,48878173828;1727,18288574219;-5;-5;-5
1256,32980651855;1628,2083984375;1064,57177734375;-3;-3;-3
2334,75902099609;2290,26275634766;1828,86604614258;-5;-5;-5
2208,0384765625;2096,58109130859;2749,25930175781;-1;1;-1
1825,91896362305;2016,10136566162;1329,59627838135;-1;1;-1
1668,56802978516;2002,34349365234;1180,51149902344;3;3;3
806,122589111328;1029,25692138672;1393,43275146484;-1;-1;1
1657,77956466675;1973,45547485352;1127,71076965332;-1;1;-1
1692,62267456055;1761,07720794678;1118,29014587402;-3;-3;-3
1113,12340087891;718,306709289551;1672,18461303711;-3;-1;-3
2591,61047363281;2692,75620117188;2095,35769042969;-3;-3;-3
2184,26821289062;2656,36988525391;1562,15291748047;1;1;1
932,771350097656;989,320677185059;1443,29983520508;-1;-1;3
863,027501296997;1128,26837768555;793,98583984375;-3;-1;-3
3554,69211425781;4080,7529296875;2841,31513671875;-3;-3;-3
2235,79113769531;2189,15671081543;2475,91643066406;-1;-3;-3
3603,83494873047;4105,49692382812;2779,37948532104;-3;-3;-3
2098,35433731079;2515,00385742188;2072,25968017578;-3;-1;-3
1983,08793334961;2006,91423950195;1924,35211181641;-1;1;-1
1435,86854858398;1359,36889953613;1337,08101501465;-3;-3;-1
3004,86022949219;3195,72194366455;2438,14096679688;-5;-3;-5
2223,88901977539;2321,49672851562;2602,81804199219;-5;-1;-5
2326,5123046875;2492,23347167969;1721,65951080322;-5;-5;-3
1708,5787689209;2394,65258178711;1293,36423339844;-1;1;-3
1617,62689819336;2006,68203125;1050,00897502899;-5;-3;-3
1606,27071533203;1611,69819335937;1922,32730712891;3;3;1
3004,45510253906;3191,75665283203;2468,31533203125;1;1;1
1289,28932495117;1559,51875;1585,48356628418;-3;-1;-1
1276,90941772461;1799,30535888672;794,060717773438;-3;-3;-3
1167,70443725586;1560,96192626953;1090,64163208008;-1;-1;-5
2863,20023193359;3465,28726806641;2207,62854003906;-3;-3;-3
1419,71619033813;1717,51272888184;1642,28016967773;-3;1;-3
2021,77380371094;2125,1427734375;1432,39755859375;-3;-3;-3
1556,78249206543;1953,96436157227;1179,18475341797;-1;1;-3
2202,41787109375;2733,09948730469;1591,50368652344;-3;-3;-3
1207,692212677;1448,15534667969;1611,51059951782;-3;-3;-1
1627,05720214844;2005,88791503906;1135,1967590332;-1;-1;-3
892,189855957031;1263,32890472412;500,106487846375;-1;-1;-3
1348,43340263367;1725,65567073822;1499,04829101562;1;1;3
2492,37612304687;2795,93810424805;2192,6594909668;3;3;1
860,069931030273;1283,92048375607;435,837094116211;-3;-1;-1
1320,3916015625;1213,6990524292;1656,83433837891;-1;-1;-1
2195,51978759766;2138,27759399414;1912,55576171875;-3;-3;-3
1871,10606079102;2302,28559570313;1430,45003700256;-1;-1;-1
1998,77109375;2186,71616210938;1791,61131591797;-5;-5;-3
1908,04104428291;2249,53525390625;1587,51850585937;1;1;-1
1253,40680541992;1616,24082946777;1058,21306152344;1;1;1
937,581225299835;781,555938720703;1092,63983154297;-5;-3;-5
2472,72611083984;2474,00972900391;2212,04012451172;-3;-3;-3
1922,55495605469;2006,32419433594;1580,91915283203;-1;-1;-1
2251,89145507813;2265,86416015625;2375,23692626953;-3;-3;-1
2212,94150390625;2401,741015625;1947,04218597412;-1;-1;-3
1637,19748535156;1629,44927978516;1372,73570556641;-5;-5;-5
1869,68981933594;1966,76625976562;1606,55770874023;-3;-3;-3
1843,65462646484;1817,73459472656;1743,7724609375;-3;-3;-1
1232,27820739746;1223,3484375;1288,81407470703;-1;-1;-3
1181,95407714844;1063,31901855469;902,596423339844;-5;-5;-5
834,57487487793;896,163629150391;997,316796875;-5;-3;-5
1583,28981170654;1636,43136291504;1318,95016479492;-1;-1;-1
1600,42486114502;1692,33271942139;1474,78981018066;1;1;3
1549,25166625977;1482,22041015625;1523,30422973633;1;1;3
1240,6029296875;1302,51171875;1214,29801025391;-3;-3;-3
1876,0713973999;1962,34124145508;1908,36550292969;-1;-3;-1
1250,27681884766;1372,67767333984;1172,17047119141;-1;-1;-1
1187,25543136597;1207,01147766113;1245,71710205078;-1;-1;-1
1452,051953125;1272,80442657471;1525,79439697266;-1;1;-1
1747,36152954102;1771,5967376709;1615,54104003906;-3;-3;-3
2096,84112548828;2096,83381347656;2185,17006835937;-3;-1;-3
2364,11878662109;2349,58684082031;2163,22874755859;-3;-3;-3
1224,52850341797;1288,0330704689;1375,07337646484;-5;-1;-5
761,30625;743,608740234375;796,798876953125;-3;-3;-1
2074,20698547363;2326,90163574219;1779,45386428833;3;1;3
468,745095825195;374,883241271973;567,411836242676;1;-1;1
1407,23524169922;1604,80710449219;1407,9410949707;1;1;-1
2642,54094238281;2818,98166503906;2231,20119628906;-3;-3;-3
1425,79378051758;1568,79199523926;1501,19822998047;-1;-3;-1
892,711047363281;818,368298339844;753,873937988281;-5;-5;-3
928,803732299805;842,753675842285;981,740863037109;1;3;-1
2022,18872070313;2410,50856933594;1625,53698730469;-1;-1;-1
713,962292480469;598,847621154785;1065,1184425354;1;1;-3
1329,81395263672;1569,5309967041;776,155575561523;-3;-3;-3
2268,23376464844;2513,99353027344;2017,66274414062;-1;-1;-1
1631,18619842529;1788,89602050781;1554,76333007812;-3;-3;-1
2250,69091796875;2277,29458007812;2048,29155273437;-1;-1;-1
1086,95379638672;1046,18572692871;831,201950073242;-5;-3;-3
1455,26101074219;1733,28403320313;1182,71218261719;-1;-1;-1
1215,4698425293;1304,61640625;1036,8012512207;-3;-1;-3
907,021832275391;981,779251098633;711,240074157715;1;1;-1
1533,22297363281;1900,330078125;1104,92598114014;-1;-1;-3
1262,04194335937;1071,17199783325;1559,10532226563;-5;-5;-5
2652,07755126953;2869,37631835938;2098,61868591309;-3;-3;-3
1266,04555511475;1490,10160522461;1489,65736083984;1;1;-1
1608,19086914062;1489,37763290405;1706,74274902344;1;-1;1
887,048892211914;1129,13737487793;933,384750366211;1;3;-1
1277,66774673462;1641,07813720703;1103,35023803711;-1;-1;1
1053,99258728027;1183,30914154053;950,100546264648;1;-1;1
1200,61749267578;1285,21148452759;1187,01116638184;-1;-3;1
2116,79934082031;2603,33134765625;1734,91398925781;1;1;1
1836,05040283203;1748,60483551025;1813,43551025391;-3;-3;-3
1782,72017822266;1821,46209716797;1771,81982421875;-3;-3;-3
1653,88683776855;1906,96797943115;1406,68645935059;-3;-1;-1
1002,51499023437;993,412504577637;1169,38974609375;-1;3;-1
1176,9655456543;1358,79724731445;1009,04154968262;-1;-1;1
1415,75992050171;1711,01139831543;1452,50993652344;-3;1;-3
1625,13920898438;1822,06887207031;1292,77221679688;-5;-5;-5
1029,21168212891;1199,74950561523;991,210009765625;3;3;1
1567,78052978516;1652,88430786133;1457,99934692383;1;1;1
981,746527481079;1227,04627075195;982,61651763916;5;5;1
865,783485937118;987,696760559082;685,877398681641;-1;-1;1
688,618954467773;914,301373291016;670,81556854248;-3;-1;-5
1788,07937011719;1923,9572052002;1482,54621582031;-3;-3;-3
770,00025177002;887,055944824219;1021,37569961548;1;3;1
654,845465087891;844,03278503418;548,162810516357;-5;-5;-3
1409,40664978027;1440,04407043457;1263,48352661133;-3;-3;-3
1496,80869140625;1624,7380859375;1255,72974853516;-5;-5;-5
1961,52473144531;1699,68626708984;2095,17797851563;-5;-5;-5
1859,67883300781;1903,47518920898;1703,18601074219;-1;-1;-1
1622,81601257324;1653,25385131836;1525,21234741211;1;1;1
1622,06418457031;1745,09860229492;1714,39608154297;1;-1;1
1541,81148681641;1565,86733398437;1315,43393096924;-1;-1;-1
1763,97658691406;1957,50092773437;1657,09165039063;-5;-5;-5
1747,14682617188;1633,44995117188;1738,06937255859;-3;-3;-3
968,646936035156;1001,37638549805;921,729092407227;-3;-1;-3
1087,69993896484;1323,23426513672;984,353372192383;1;1;3
956,687371826172;865,133529663086;1055,65417480469;3;1;3
1050,76931152344;1193,08601074219;785,494297790527;-1;-1;-1
1099,84359130859;1151,96357421875;1192,55426559448;-1;-1;-3
1486,34560241699;1333,24140014648;1599,57618408203;1;-1;1
1712,49133300781;1739,1709777832;1553,1963684082;3;3;3
720,526528930664;715,141635131836;956,691754150391;3;3;3
1801,12224731445;1880,23072814941;1810,46884765625;1;3;1
1206,53771972656;1348,45681762695;1080,32985534668;-1;-1;-1
638,157981872559;861,976867675781;659,035525512695;-1;-1;-5
641,19436340332;679,639045715332;351,853063964844;-5;-3;-5
1345,67154541016;1317,1496887207;1163,23209228516;1;3;1
1434,37094116211;1487,26266021729;1432,75675773621;-3;-1;-1
1191,00948486328;1227,12105255127;1351,28471069336;-3;-1;-5
1089,3258026123;1365,96911621094;775,910772705078;-5;-3;-5
1047,60823364258;1412,48945922852;1041,05198974609;-1;1;-1
917,731823730469;1069,57153930664;862,071057128906;1;1;3
863,512295532227;1059,34923219681;799,291564941406;5;5;3
1287,08775024414;1547,72663574219;834,860903930664;-3;-3;-3
1672,29552001953;1582,57534790039;1936,02578125;-1;1;-1
2106,75883789062;2256,95170898437;1849,57468261719;-1;-1;-1
1168,61982803345;1213,30481567383;1309,56382598877;-1;-3;-1
1234,16377410889;1137,69614372253;1179,77150363922;-3;-1;1
865,775366210937;930,797723388672;918,80393371582;-1;1;-1
1515,44356994629;1830,77077331543;1146,10668945313;-3;-1;-1
495,313863372803;377,784115219116;791,117346954346;-3;1;-5
1952,43660888672;2106,88135986328;1613,21000976563;-3;-3;-3
1633,88220748901;2003,04617919922;1650,67381591797;1;1;-1
1267,8376739502;1132,70035400391;1309,6099899292;1;1;3
1762,76052246094;2071,81235351563;1352,92222900391;3;3;3
1470,46804351807;1792,39513092041;1234,90256958008;-1;1;-1
903,3512550354;1058,76997375488;1218,0400390625;3;5;1
1391,16569824219;1677,19191894531;953,643200683594;-3;-3;-3
1148,12868347168;1485,49757080078;873,546502685547;-1;-1;-1
1145,48954162598;1506,57517700195;1199,62084350586;-3;-3;-1
1284,41519775391;1590,26145019531;922,034155273437;3;3;3
1310,85053710937;1587,47491455078;1123,5697265625;1;1;3
831,734628677368;1150,2286491394;1015,88708782196;4;4;0
687,748353004456;1002,349609375;652,448249816895;-2;-2;2
1222,06126403809;1570,22674560547;894,643737792969;2;2;2
992,939002990723;1250,49594116211;1094,42469787598;-2;-2;0
701,777918815613;828,903884887695;1019,8232421875;-4;0;-4
1141,25541687012;1135,25201034546;1011,26858520508;-2;-2;-2
1599,26260375977;1821,87731933594;1330,67752075195;0;0;-2
1264,86595916748;1495,51336669922;1142,64770507813;-4;-4;-2
732,623832702637;728,854248046875;581,632461547852;-2;-2;-2
732,375995635986;840,539214134216;458,367164611816;-4;-4;-2
621,853454589844;436,392578125;885,662994384766;-2;-2;-2
1632,84703063965;1778,56385803223;1465,08575439453;-2;-2;-2
1558,13529968262;1627,27783966064;1748,23804473877;-2;0;-2
2011,06685384115;2210,115234375;1731,53529866536;-1;-1;-1
970,73154703776;1017,54629516602;1213,08069864909;1;3;1
1926,46887207031;1973,44783528646;1657,17236328125;1;1;1
1413,98541259766;1288,79181925456;1641,01501464844;1;1;1
1211,8093363444;1191,67332458496;971,90491549174;1;1;-1
1031,6948445638;808,466466267904;1224,81227620443;-3;-3;-3
581,351348876953;845,692367553711;801,089752197266;-2;-2;0
427,27473449707;769,932769775391;393,375289916992;2;2;0
2215,15686035156;2309,08581542969;1979,78051757813;0;0;0
1238,79693603516;1196,24906921387;1485,53405761719;0;0;0
223,089900970459;247,596740722656;307,185928344727;0;0;2
571,94115447998;584,169551849365;426,245018005371;0;2;0
660,797973632813;487,336227416992;742,609649658203;2;2;2
326,413047790527;270,096501111984;181,875827789307;0;2;0
421,550201416016;436,042007446289;362,578811645508;-2;-2;-2
197,18399810791;204,182052612305;312,454360961914;0;0;0
842,674713134766;890,329254150391;912,874572753906;0;0;0
1269,54766845703;1195,32919311523;1162,44329833984;0;0;0
323,064138412476;318,661178588867;354,735977172852;2;0;2
508,23176574707;407,527446746826;373,835708618164;0;0;0
139,035005569458;207,237945556641;211,057323455811;2;0;2
741,894287109375;758,203720092773;750,380645751953;-2;-2;-2
1308,51843261719;1441,83554077148;1316,3013381958;-2;-2;-2
1676,53826904297;1682,4755859375;1702,71301269531;0;0;0
595,919372558594;753,500366210938;597,510345458984;0;0;0
1232,19689941406;1441,20562744141;1276,92614746094;0;0;0
1882,10302734375;1714,13415527344;2004,64105224609;0;0;0
327,075103759766;413,723175048828;136,022079467773;-1;-1;-1
209,456802368164;449,986633300781;115,363212585449;1;1;1
530,868469238281;692,4052734375;303,47900390625;-1;-1;-1
846,906921386719;509,714874267578;1008,92797851563;-1;-1;-1
1986,42297363281;2079,64819335938;1774,21447753906;-1;-1;-1
1495,64831542969;1188,44104003906;1700,57019042969;-1;-1;-1
579,892150878906;722,760803222656;253,10498046875;-1;-1;-1
353,345489501953;741,509521484375;152,997329711914;1;1;1
1220,84289550781;1506,47973632813;947,819152832031;-1;-1;-1
734,528198242188;368,383850097656;978,318420410156;-1;-1;-1
1015,59735107422;1132,36779785156;720,840087890625;-1;-1;-1
672,033264160156;416,02587890625;907,176574707031;-1;-1;-1
493,452728271484;714,923278808594;313,785949707031;-1;-1;-1
1075,68786621094;1243,03381347656;963,017700195313;1;1;1
606,827087402344;536,299072265625;812,312316894531;1;1;1
683,933715820313;634,005004882813;903,538330078125;-1;-1;-1
579,819641113281;741,546813964844;502,217498779297;-1;-1;-1
1208,05517578125;1357,33569335938;1036,90600585938;1;1;1
1306,45104980469;1035,97875976563;1510,79504394531;1;1;1
1285,2001953125;1376,68139648438;1080,25964355469;1;1;1
243,347198486328;10,1735401153564;378,565216064453;1;1;1
132,039001464844;281,096252441406;127,01741027832;1;1;-1
11,9571647644043;259,337615966797;116,859184265137;1;-1;1
1664,98681640625;1742,94689941406;1560,0517578125;1;1;1
1485,66906738281;1365,83020019531;1592,66394042969;1;1;1
94,8681640625;46,3248100280762;39,2490539550781;1;1;-1
425,367156982422;490,208251953125;427,261627197266;-1;-1;-1
138,136260986328;220,337631225586;144,330947875977;1;1;1
